<?xml version="1.0"?>
<config>
	<tabs>
        <mst translate="label" module="pdp">
            <label>Products Designer Canvas</label>
            <sort_order>201</sort_order>
        </mst>
    </tabs>
	<sections>
		<pdp translate="label" module="pdp">
			<label>Settings (PDC Basic)</label>
			<tab>mst</tab>
			<frontend_type>text</frontend_type>
			<sort_order>776</sort_order>
			<show_in_default>1</show_in_default>
			<show_in_website>1</show_in_website>
			<show_in_store>1</show_in_store>
			<groups>
				<info>
                    <frontend_model>pdp/system_config_info</frontend_model>
                    <sort_order>10</sort_order>
                    <show_in_default>1</show_in_default>
                    <show_in_website>1</show_in_website>
                </info>
				<act translate="label">
                    <label>Active License Key</label>
                    <frontend_type>text</frontend_type>
                    <sort_order>40</sort_order>
                    <show_in_default>1</show_in_default>
                    <show_in_website>1</show_in_website>
                    <fields>
						<key translate='label'>
                    		<label>License Key </label>
                    		<frontend_type>text</frontend_type>
                    		<comment>Please check your license key in order details. Contact to provider when you would like to reset the license key to apply PDC for new domain.</comment>
                    		<sort_order>90</sort_order>
                            <show_in_default>1</show_in_default>
                            <show_in_website>1</show_in_website>
							<backend_model>pdp/saveconfig</backend_model>
                    	</key>
						<actinfo translate='label'>
                    		<label>Active Status</label>
                    		<frontend_type>label</frontend_type>
                    		<sort_order>91</sort_order>
                            <show_in_default>1</show_in_default>
                            <show_in_website>1</show_in_website>
							<frontend_model>pdp/system_config_form_field_notification</frontend_model> 
                    	</actinfo>
                    </fields>
                </act>
                <setting translate="label">
					<label>Enable Products Designer Canvas - PDC</label>
					<frontend_type>text</frontend_type>
					<sort_order>50</sort_order>
					<show_in_default>1</show_in_default>
					<show_in_website>1</show_in_website>
					<fields>
						<enable translate='label'>
							<label>Enable PDC </label>
							<frontend_type>select</frontend_type>
							<sort_order>95</sort_order>
							<show_in_default>1</show_in_default>
							<show_in_website>1</show_in_website>
							<source_model>adminhtml/system_config_source_enabledisable</source_model>
						</enable>
						<design_button_label translate='label'>
							<label>Design Button Label</label>
							<frontend_type>text</frontend_type>
							<sort_order>100</sort_order>
							<show_in_default>1</show_in_default>
						</design_button_label>
                        <!--<image_quality translate='label'>
							<label>Image Quality</label>
                            <comment><![CDATA[<p><b> 0 < number < 1</b>. If you prefer the image <b>QUALITY</b> than the <b>SPEED</b> creating image, then set "Image Quality" to a bigger number and vice versa.  </p>]]></comment>
							<frontend_type>text</frontend_type>
                            <validate>validate-number</validate>
							<sort_order>200</sort_order>
							<show_in_default>1</show_in_default>
						</image_quality>-->
                        <!--
						<button_cat translate="label">
							<label>Show Button on other page</label>
							<comment><![CDATA[<p><b>YES</b> to display the design button on category and search result page</p>]]></comment>
							<frontend_type>select</frontend_type>
							<sort_order>110</sort_order>
							<show_in_default>1</show_in_default>
							<show_in_website>1</show_in_website>
							<source_model>adminhtml/system_config_source_yesno</source_model>
						</button_cat>-->
					</fields>
				</setting>
                <!--
				<design translate="label">
					<label>CUSTOM DESIGN AREA - User Interface Setting</label>
					<frontend_type>text</frontend_type>
					<sort_order>70</sort_order>
					<show_in_default>1</show_in_default>
					<show_in_website>1</show_in_website>
					<fields>
						<is_notify translate="label">
							<label>Show warning popup </label>
							<comment><![CDATA[<p>Enable to show warning popup message when user use PDC on small devices.</p>]]></comment>
							<frontend_type>select</frontend_type>
							<sort_order>1</sort_order>
							<show_in_default>1</show_in_default>
							<show_in_website>1</show_in_website>
							<source_model>adminhtml/system_config_source_yesno</source_model>
						</is_notify>
						<hide_thumbnail translate="label">
							<label>Hide Side Thumbnail </label>
							<frontend_type>select</frontend_type>
							<sort_order>5</sort_order>
							<show_in_default>1</show_in_default>
							<show_in_website>1</show_in_website>
							<source_model>adminhtml/system_config_source_yesno</source_model>
						</hide_thumbnail>
                        <default_area_setting translate="label">
							<label><![CDATA[<h3>General Settings</h3><hr/>]]></label>
							<frontend_type>label</frontend_type>
							<sort_order>127</sort_order>
							<show_in_default>1</show_in_default>
							<show_in_website>1</show_in_website>
						</default_area_setting>
                        <default_object_color translate='label'>
							<label>Default Color</label>
                            <comment>Default color of text or svg when add to design!</comment>
							<frontend_type>text</frontend_type>
							<sort_order>325</sort_order>
							<show_in_default>1</show_in_default>
						</default_object_color>
                        <default_object_fontsize translate='label'>
							<label>Default Font Size</label>
                            <comment>Default font size of text when add to design!</comment>
							<frontend_type>text</frontend_type>
							<sort_order>425</sort_order>
							<show_in_default>1</show_in_default>
						</default_object_fontsize>
                        <default_object_fontheight translate='label'>
							<label>Default Font Height</label>
                            <comment>Default font height of text when add to design!</comment>
							<frontend_type>text</frontend_type>
							<sort_order>525</sort_order>
							<show_in_default>1</show_in_default>
						</default_object_fontheight>
					</fields>
				</design>-->
				<customer_action translate="label">
					<label>Customer Actions Setting</label>
					<frontend_type>text</frontend_type>
					<sort_order>120</sort_order>
					<show_in_default>1</show_in_default>
					<show_in_website>1</show_in_website>
                    <show_in_store>1</show_in_store>
					<fields>
						<design_details translate="label">
							<label>Show Design Details Modal</label>
							<comment><![CDATA[Ask logged in customer to enter design title and design description when press <b>CONTINUE SHOPPING</b> button.]]></comment>
							<frontend_type>select</frontend_type>
							<sort_order>0</sort_order>
							<show_in_default>1</show_in_default>
							<show_in_website>1</show_in_website>
							<source_model>adminhtml/system_config_source_enabledisable</source_model>
						</design_details>
                        <sharing translate="label">
							<label>Enable Social Sharing</label>
							<comment>Allow customer sharing their customized design to social network.</comment>
							<frontend_type>select</frontend_type>
							<sort_order>10</sort_order>
							<show_in_default>1</show_in_default>
							<show_in_website>1</show_in_website>
							<source_model>adminhtml/system_config_source_enabledisable</source_model>
						</sharing>
					</fields>
				</customer_action>
                <custom_upload translate="label">
					<label>Upload Image Setting</label>
					<frontend_type>text</frontend_type>
					<sort_order>320</sort_order>
					<show_in_default>1</show_in_default>
                    <show_in_website>1</show_in_website>
					<fields>
						<!--<size_unit translate="label">
							<label>Default Size Unit</label>
							<comment>Use this unit size to show alert message to user while upload processing</comment>
							<frontend_type>select</frontend_type>
							<sort_order>10</sort_order>
							<show_in_default>1</show_in_default>
							<source_model>pdp/config_sizeunit</source_model>
                            <show_in_website>1</show_in_website>
                            <show_in_store>1</show_in_store>
						</size_unit>-->
                        <default_message translate='label'>
                    		<label>Default Message</label>
                    		<frontend_type>text</frontend_type>
                    		<comment><![CDATA[The message that gets displayed before any files are dropped. This is normally replaced by an image but defaults to "Drop files here to upload"]]></comment>
                    		<sort_order>20</sort_order>
                            <show_in_default>1</show_in_default>
							<backend_model>pdp/config_maxsize</backend_model>
                            <show_in_website>1</show_in_website>
                            <show_in_store>1</show_in_store>
                    	</default_message>
                        <upload_max_size translate='label'>
                    		<label>Max size allowed (im MB)</label>
                    		<frontend_type>text</frontend_type>
                    		<comment><![CDATA[Limit user upload large file.This size should equal or less than the <b>upload_max_fiesize</b> ini php.ini. Set to 0 to not restrict]]></comment>
                    		<sort_order>30</sort_order>
                            <show_in_default>1</show_in_default>
							<backend_model>pdp/config_maxsize</backend_model>
                            <show_in_website>1</show_in_website>
                            <show_in_store>1</show_in_store>
                    	</upload_max_size>
                        <upload_max_size_message translate='label'>
                    		<label>Max size error message</label>
                    		<frontend_type>text</frontend_type>
                    		<comment><![CDATA[Shown when the file is too big]]></comment>
                    		<sort_order>40</sort_order>
                            <show_in_default>1</show_in_default>
							<backend_model>pdp/config_maxsize</backend_model>
                            <show_in_website>1</show_in_website>
                            <show_in_store>1</show_in_store>
                    	</upload_max_size_message>
                        <upload_max_files translate='label'>
                    		<label>Max files</label>
                    		<frontend_type>text</frontend_type>
                    		<comment><![CDATA[How many files upload once]]></comment>
                    		<sort_order>50</sort_order>
                            <show_in_default>1</show_in_default>
							<backend_model>pdp/config_maxsize</backend_model>
                            <show_in_website>1</show_in_website>
                            <show_in_store>1</show_in_store>
                    	</upload_max_files>
                        <upload_max_files_message translate='label'>
                    		<label>Max files error message</label>
                    		<frontend_type>text</frontend_type>
                    		<comment><![CDATA[If max files is set, this will be the error message when it's exceeded]]></comment>
                    		<sort_order>55</sort_order>
                            <show_in_default>1</show_in_default>
							<backend_model>pdp/config_maxsize</backend_model>
                            <show_in_website>1</show_in_website>
                            <show_in_store>1</show_in_store>
                    	</upload_max_files_message>
                        <!--
                        <upload_min_size translate='label'>
                    		<label>Min size required</label>
                    		<frontend_type>text</frontend_type>
                    		<comment>Request user upload high quality image. Set to 0 to not restrict</comment>
                    		<sort_order>60</sort_order>
                            <show_in_default>1</show_in_default>
                            <show_in_website>1</show_in_website>
                            <show_in_store>1</show_in_store>
                    	</upload_min_size>-->
                        <upload_min_pixel_width translate='label'>
                    		<label>Minimum width image (pixel)</label>
                    		<frontend_type>text</frontend_type>
                    		<comment><![CDATA[Request user upload high quality image. Leave empty to not restrict]]></comment>
                    		<sort_order>60</sort_order>
                            <show_in_default>1</show_in_default>
                            <show_in_website>1</show_in_website>
                            <show_in_store>1</show_in_store>
                    	</upload_min_pixel_width>
                        <upload_min_pixel_height translate='label'>
                    		<label>Minimum height image (pixel)</label>
                    		<frontend_type>text</frontend_type>
                    		<comment><![CDATA[Request user upload high quality image. Leave empty to not restrict]]></comment>
                    		<sort_order>61</sort_order>
                            <show_in_default>1</show_in_default>
                            <show_in_website>1</show_in_website>
                            <show_in_store>1</show_in_store>
                    	</upload_min_pixel_height>
                        <!--
                        <upload_min_pixel_error translate='label'>
                    		<label>Small image error message</label>
                    		<frontend_type>text</frontend_type>
                    		<comment><![CDATA[This error message will show when customer use small image]]></comment>
                    		<sort_order>65</sort_order>
                            <show_in_default>1</show_in_default>
                            <show_in_website>1</show_in_website>
                            <show_in_store>1</show_in_store>
                    	</upload_min_pixel_error>-->
                        <upload_min_dpi translate='label'>
                    		<label>Image DPI require</label>
                    		<frontend_type>text</frontend_type>
                    		<comment><![CDATA[Request user upload high resolution image. This feature require <b>imagick extension</b> installed]]></comment>
                    		<sort_order>70</sort_order>
                            <show_in_default>1</show_in_default>
                            <show_in_website>1</show_in_website>
                            <show_in_store>1</show_in_store>
                    	</upload_min_dpi>
                        <upload_min_dpi_message translate='label'>
                    		<label>Low resolution image warming</label>
                    		<frontend_type>text</frontend_type>
                    		<comment><![CDATA[This message will show if user use low resolution images or small images]]></comment>
                    		<sort_order>71</sort_order>
                            <show_in_default>1</show_in_default>
                            <show_in_website>1</show_in_website>
                            <show_in_store>1</show_in_store>
                    	</upload_min_dpi_message>
                        <remove_label>
                            <label>Remove button label</label>
                    		<frontend_type>text</frontend_type>
                    		<comment><![CDATA[The text to be used to remove a file]]></comment>
                    		<sort_order>90</sort_order>
                            <show_in_default>1</show_in_default>
							<backend_model>pdp/config_maxsize</backend_model>
                            <show_in_website>1</show_in_website>
                            <show_in_store>1</show_in_store>
                        </remove_label>
                        <cancel_label>
                            <label>Cancel button label</label>
                    		<frontend_type>text</frontend_type>
                    		<comment><![CDATA[The text to be used for the cancel upload link]]></comment>
                    		<sort_order>110</sort_order>
                            <show_in_default>1</show_in_default>
							<backend_model>pdp/config_maxsize</backend_model>
                            <show_in_website>1</show_in_website>
                            <show_in_store>1</show_in_store>
                        </cancel_label>
                        <!--
                        <upload_note translate='label'>
                    		<label><![CDATA[Upload Note]]></label>
                    		<frontend_type>textarea</frontend_type>
                    		<comment>Leave emty if you don't want to show note.</comment>
                    		<sort_order>70</sort_order>
                            <show_in_default>1</show_in_default>
                            <show_in_website>1</show_in_website>
                            <show_in_store>1</show_in_store>
                    	</upload_note>-->
                        <!--
                        <upload_max_width translate='label'>
                    		<label>Max image width allowed</label>
                    		<frontend_type>text</frontend_type>
                    		<comment>Limit width of image (px). Set to 0 to not restrict</comment>
                    		<sort_order>90</sort_order>
                            <show_in_default>1</show_in_default>
                    	</upload_max_width>
                        <upload_max_height translate='label'>
                    		<label>Max image height allowed</label>
                    		<frontend_type>text</frontend_type>
                    		<comment>Limit height of image (px). Set to 0 to not restrict</comment>
                    		<sort_order>90</sort_order>
                            <show_in_default>1</show_in_default>
                    	</upload_max_height>
                        <upload_min_width translate='label'>
                    		<label>Min image width required</label>
                    		<frontend_type>text</frontend_type>
                    		<comment>Set to 0 to not restrict</comment>
                    		<sort_order>200</sort_order>
                            <show_in_default>1</show_in_default>
                    	</upload_min_width>
                        <upload_min_height translate='label'>
                    		<label>Min image height required</label>
                    		<frontend_type>text</frontend_type>
                    		<comment>Set to 0 to not restrict</comment>
                    		<sort_order>300</sort_order>
                            <show_in_default>1</show_in_default>
                    	</upload_min_height>-->
					</fields>
				</custom_upload>
                <watermark translate="label">
					<label>Watermark</label>
					<frontend_type>text</frontend_type>
					<sort_order>420</sort_order>
					<show_in_default>1</show_in_default>
                    <show_in_website>1</show_in_website>
					<fields>
                        <active translate="label">
							<label>Enable Watermark</label>
							<frontend_type>select</frontend_type>
							<sort_order>10</sort_order>
							<show_in_default>1</show_in_default>
							<show_in_website>1</show_in_website>
							<source_model>adminhtml/system_config_source_enabledisable</source_model>
						</active>
                        <image translate='label'>
                    		<label>Watermark Image</label>
                    		<frontend_type>image</frontend_type>
                            <backend_model>adminhtml/system_config_backend_image</backend_model>
                            <comment><![CDATA[Please upload a .<b>PNG</b> image]]></comment>
                            <upload_dir config="system/filesystem/media" scope_info="1">pdp/images</upload_dir>
                            <base_url type="media" scope_info="1">pdp/images</base_url>
                    		<sort_order>3000</sort_order>
                            <show_in_default>1</show_in_default>
                            <show_in_website>1</show_in_website>
                            <show_in_store>1</show_in_store>
                    	</image>
                        <position translate='label'>
                    		<label>Watermark Position</label>
                    		<frontend_type>select</frontend_type>
                            <source_model>pdp/config_watermarkposition</source_model>
                    		<sort_order>4000</sort_order>
                            <show_in_default>1</show_in_default>
                            <show_in_website>1</show_in_website>
                            <show_in_store>1</show_in_store>
                    	</position>
					</fields>
				</watermark>
			</groups>
		</pdp>
	</sections>
</config>