filename,category,image_name,price,status,position,thumbnail,description,sort_description,image_tag
Math_svg/dot9.svg,0,Dot,0,1,0,,Dot,Dot,Dot
Math_svg/ellipse.svg,0,Ellipse,0,1,0,,Ellipse,Ellipse,Ellipse
Math_svg/filled13.svg,0,Fill,0,1,0,,Fill,Fill,Fill
Math_svg/media26.svg,0,Math,0,1,0,,Math,Math,Math
Math_svg/plain15.svg,0,Math,0,1,0,,Math,Math,Math
Math_svg/plain16.svg,0,Math,0,1,0,,Math,Math,Math
Math_svg/play39.svg,0,Math,0,1,0,,Math,Math,Math
Math_svg/square58.svg,0,Square,0,1,0,,Square,Square,Square
